Frequency (Hz),RT60 (s)
50,0.743683705257033
63,0.6459950442592071
80,0.3796584448888804
100,0.48193999666200865
125,0.4784675807306786
250,0.3499188876398049
500,0.30062404977650437
1000,0.29766291487942537
2000,0.2509690394280023
4000,0.3015006139141176
8000,0.2955896819111036
12000,0.25299044461121817
16000,0.22872338466388684
