Frequency (Hz),RT60 (s)
50,0.739068459989486
63,0.8212365854096517
80,0.5252907022582683
100,0.5458676405865694
125,0.6312650002732734
250,0.8394926830640379
500,0.7642992057571361
1000,0.8745127157734716
2000,0.7370039343820155
4000,0.7321504369583807
8000,0.6644075310727625
12000,0.6169430737312804
16000,0.7783487000380589
