Frequency (Hz),RT60 (s)
50,5.782943511334098
63,1.2368858606028632
80,1.1130588771020076
100,1.0857510093634757
125,0.852607685328785
250,0.6469351364273564
500,0.5883071131212466
1000,0.620153299712547
2000,0.4413237478390243
4000,0.5250054953824542
8000,0.4790302201166713
12000,0.35585048532884145
16000,0.29845547370909997
