Frequency (Hz),RT60 (s)
50,1.3837270910963817
63,0.8201162859112069
80,0.45131742068740777
100,0.7622188081129966
125,0.6560620990224821
250,0.6459645987232246
500,0.48608008380921186
1000,0.24665750116314314
2000,0.3724919777906569
4000,0.27682651440944567
8000,0.214767303400861
12000,0.19129453439586544
16000,0.17475520473555436
