{"system": "SDK", "version": "370bd160", "frequencies": ["125", "250", "500", "1000", "2000", "4000", "8000"], "receivers": {"f65412d5-4fbe-4225-92e5-8cf02b6f3b64": {"id": "f65412d5-4fbe-4225-92e5-8cf02b6f3b64", "location": [3.0, 5.0, 1.2], "label": "receiver_1", "parameters": {"edt": [0.5501466778118911, 0.5097711218318315, 0.7799318041111107, 0.6145958421107723, 0.6658393531905896, 1.1772341949919658, 0.8788331553959168], "t20": [0.7035690511538624, 0.6735188817004002, 0.7416231952308853, 0.8223967705202653, 0.8679254111743182, 1.1411122166044843, 0.8669205833644542], "t30": [0.6991451109850975, 0.6604947492382082, 0.7215722140381944, 0.8241196791186405, 0.8712372240335006, 1.1257515434592367, 0.8652050298387198], "c50": [0.8279209708150923, 5.320347436867432, 2.0650818230922408, 3.698094458724641, 3.557059086619331, -0.598822795586384, 1.0160555395601527], "c80": [9.01949252671393, 8.37511793808479, 4.23876806941956, 7.514654721347899, 6.866260625689877, 2.2322585773590338, 4.128567943640085], "d50": [0.5475151494880197, 0.7729519592341415, 0.6166853330500172, 0.7008854213704893, 0.6940331838888647, 0.4655834989059876, 0.5582235276608963], "ts": [0.06345148347133053, 0.05115978733570251, 0.06676017115878423, 0.056001898389483606, 0.06023342162169124, 0.09830447805611299, 0.07717515550426113], "g": [22.05896101315956, 19.533625234159757, 17.540399060012604, 20.278460716586466, 22.47202174866281, 25.643726640337462, 23.969425898252297], "spl": [96.05896101315956, 93.53362523415976, 91.5403990600126, 94.27846071658647, 96.47202174866281, 99.64372664033746, 97.9694258982523], "spl_a": [104.16355633248193], "spl_c": [104.02346942024812], "spl_z": [104.8160638804219], "sti": [0.651, 0.65, 0.644, 0.629, 0.597, 0.538, 0.449, 0.331, 0.208, 0.08, 0.01, 0.0], "sti_using_spl": [0.617, 0.617, 0.617, 0.617, 0.617, 0.617, 0.617, 0.617, 0.617, 0.617, 0.616, 0.613], "mtf": [0.0, 0.0, 0.0, 0.0, 0.0, 0.0, 0.0, 0.0, 0.0, 0.0, 0.0, 0.0, 0.0, 0.0, 0.9876958422037765, 0.9804711411913648, 0.9701704727914693, 0.9549401293813654, 0.9301605550809869, 0.8984257574495331, 0.8558514204998569, 0.7984391555191769, 0.7219750464388484, 0.6282691181825872, 0.4996892885442974, 0.3488577249725447, 0.17998681889018364, 0.12197224751235965, 0.9865978703526332, 0.9787556379138536, 0.9676203894679933, 0.9512822159774644, 0.925132962960501, 0.8927199620597828, 0.8518311640351556, 0.8028701542634301, 0.751051252060048, 0.7088651117896512, 0.6715703792221914, 0.6038481342947358, 0.5005693364912592, 0.4747821181532681, 0.9759680536645019, 0.9619776403546687, 0.942200671044149, 0.9133614314594605, 0.8676053526738222, 0.8114546684319759, 0.7412094346009419, 0.6571703264889407, 0.5653273023011657, 0.4793084819741586, 0.38661827114600766, 0.31270878717485523, 0.3631781662661307, 0.3684299642993568, 0.9806017755768517, 0.969498402701952, 0.9540297128462258, 0.931924545604659, 0.8978559011398051, 0.8574904457795559, 0.8086726140109189, 0.7515015573400856, 0.6886028688011493, 0.6267103209578335, 0.5537417331795815, 0.46439602442368255, 0.38133096460254423, 0.34397971680371214, 0.9782898044559195, 0.9659632523685685, 0.9488962693439271, 0.9246899978672102, 0.8877057722091438, 0.8441768229938041, 0.7914816275350055, 0.7287845779356973, 0.6578263900458995, 0.5888079960594927, 0.512282609436175, 0.42530947459305235, 0.3605758194290436, 0.33116790129288237, 0.9487998353932249, 0.9209560432942938, 0.8837983903230467, 0.8337374919858418, 0.762835556249001, 0.6873523426402494, 0.6064573682862368, 0.5231276022053631, 0.44155159968424007, 0.37306807725931734, 0.3078970590613492, 0.23767624067755846, 0.19731098900278998, 0.1684895643254301, 0.9702384264347295, 0.9532575356871115, 0.9296556990737651, 0.8960198980577784, 0.8443411155097095, 0.7833077070741387, 0.7098506902408777, 0.6250170212092246, 0.5357342964029662, 0.4581649737686973, 0.38578184944024585, 0.3214562580226233, 0.26901202019386466, 0.22563018431174997]}, "mono_ir": "mono_ir/f65412d5-4fbe-4225-92e5-8cf02b6f3b64", "edc": {"125": "edc/f65412d5-4fbe-4225-92e5-8cf02b6f3b64/125", "250": "edc/f65412d5-4fbe-4225-92e5-8cf02b6f3b64/250", "500": "edc/f65412d5-4fbe-4225-92e5-8cf02b6f3b64/500", "1000": "edc/f65412d5-4fbe-4225-92e5-8cf02b6f3b64/1000", "2000": "edc/f65412d5-4fbe-4225-92e5-8cf02b6f3b64/2000", "4000": "edc/f65412d5-4fbe-4225-92e5-8cf02b6f3b64/4000", "8000": "edc/f65412d5-4fbe-4225-92e5-8cf02b6f3b64/8000"}}}, "sources": [{"id": "3330a9ad-20f9-4005-a84a-5c73f0023a7c", "location": [0.25, 0.5, 1.5], "label": "source_1"}]}