Frequency (Hz),RT60 (s)
50,1.2933825184110277
63,0.8021057166572253
80,0.6799510186506753
100,0.6264323334386986
125,0.5171946938965427
250,0.504080830941644
500,0.7949430002289253
1000,0.8694787507710207
2000,0.8170421009363715
4000,0.542335484416048
8000,0.9338478052974549
12000,0.5199134473914311
16000,0.9517544827767256
