Frequency (Hz),RT60 (s)
50,1.128391413466064
63,0.99238395037082
80,0.9371729494911468
100,0.7398740382814578
125,0.8359735752351625
250,0.6334602772394743
500,0.5230774253981167
1000,0.513913518805803
2000,0.5618254454011885
4000,0.5893016139574344
8000,0.46671075308529075
12000,0.36864508646754013
16000,0.3174421598696086
