Frequency (Hz),RT60 (s)
50,0.9266320168444074
63,0.897844381645998
80,1.131622154357208
100,0.7788161785925567
125,0.617659656403144
250,0.631310945208609
500,0.5897021376879522
1000,0.5908904376327019
2000,0.7462395598648941
4000,0.635157106699342
8000,0.6436446396189127
12000,0.6362901167215227
16000,0.6128644045661693
