Frequency (Hz),RT60 (s)
50,0.7880632153189749
63,0.6706060610183535
80,1.0265305274662162
100,0.6854170602298306
125,0.6397387303508423
250,0.5211272135605955
500,0.4353616604978858
1000,0.523555952050008
2000,0.6687240591865514
4000,0.619859724373038
8000,0.5172765473096633
12000,0.4743532721125399
16000,0.4857862338627305
