Frequency (Hz),RT60 (s)
50,1.3950435874807958
63,1.3381006351636886
80,1.3050785869569566
100,0.6982502485890056
125,0.6117308857981605
250,0.4876557935637367
500,0.5417506928210927
1000,0.5739639625346079
2000,0.619976174354831
4000,0.5737707783159208
8000,0.4628156386305313
12000,0.4474683669431098
16000,0.5576748566592256
