Frequency (Hz),RT60 (s)
125,5.6594999999999995
250,5.203583333333334
500,4.712125
1000,4.1666875
2000,3.670541666666667
4000,3.248520833333332
8000,2.9214791666666677
