Frequency (Hz),RT60 (s)
50,1.568440605261521
63,1.594866298821778
80,1.519891416923227
100,1.6039104898566066
125,1.3864777054984074
250,1.0924908936280118
500,1.159124925723911
1000,1.0282271858675185
2000,1.1850175073424325
4000,1.4603985003470346
8000,1.1875126819683974
12000,1.0762534346333208
16000,1.0560723563356946
