Frequency (Hz),RT60 (s)
125,0.3758958333333333
250,0.3758958333333333
500,0.3758958333333333
1000,0.3758958333333333
2000,0.3758958333333333
4000,0.3758958333333333
8000,0.3758958333333333
