Frequency (Hz),RT60 (s)
125,0.37660416666666663
250,0.37660416666666663
500,0.37660416666666663
1000,0.37660416666666663
2000,0.37660416666666663
4000,0.37660416666666663
8000,0.37660416666666663
