Frequency (Hz),RT60 (s)
50,0.6158747074153821
63,0.6157699374187958
80,0.7316095837609082
100,0.7064711052693495
125,0.6181126379070516
250,0.6287283861038095
500,0.31979314907638334
1000,0.37723048912775026
2000,0.6840635015282396
4000,0.6054650581014005
8000,0.6794971675446921
12000,0.6569326861424964
16000,0.6060729286851472
