Frequency (Hz),RT60 (s)
50,1.607256992679709
63,1.2420964381988915
80,1.2204898947737943
100,1.2659754061432076
125,1.3062652455859332
250,1.3057860880049108
500,1.0941484497370897
1000,1.2085714303091393
2000,1.266137582978357
4000,1.1651413354286855
8000,0.9012304223467111
12000,0.6424446903165479
16000,0.5513206798486936
