Frequency (Hz),RT60 (s)
50,0.6656167546451696
63,0.5883945889562948
80,1.3246049847710992
100,0.7817759369003981
125,0.8112336975084914
250,1.2993793608564628
500,1.084699292465057
1000,0.6285244168305665
2000,1.2581526766667794
4000,0.6605016924674124
8000,0.69637984382083
12000,0.4737199151274507
16000,0.45926285977031056
