Frequency (Hz),RT60 (s)
50,0.729084803746487
63,0.6482268992753609
80,0.4056386980109174
100,0.39666691958322237
125,0.579161499005774
250,0.5763778583924516
500,1.1947800180366226
1000,0.5811124675349714
2000,0.44658247631589015
4000,0.4558371527593831
8000,0.3783294800532164
12000,0.28000802324467694
16000,0.25182032666795046
