Frequency (Hz),RT60 (s)
50,0.41770443452050576
63,0.4223411263470187
80,1.0091853890627838
100,1.0112708903870582
125,0.922685670606678
250,0.7079304636552478
500,0.6064958579619376
1000,0.6302605002932974
2000,0.7912181410394329
4000,0.8965156308674722
8000,0.6747983989715955
12000,0.4495382987517095
16000,0.3637726872111929
