Frequency (Hz),RT60 (s)
50,0.9214034518139717
63,0.7934249320001241
80,0.8858047222813801
100,0.9820392491493125
125,1.0927438483678185
250,1.231641851927393
500,1.2888960147481427
1000,0.8810670042683193
2000,0.8149236492599122
4000,1.072830818959754
8000,1.0770014717699312
12000,1.1955968231289373
16000,1.2421921712885289
