Frequency (Hz),RT60 (s)
50,3.092724649963809
63,0.998171482350187
80,1.319743424436987
100,0.8959935859493177
125,0.6892312355823231
250,0.7326962814526973
500,0.567585956622055
1000,0.5323976295960308
2000,0.6693202043123495
4000,0.6695835761641394
8000,0.6194865229398163
12000,0.6154485729019747
16000,0.5890741950299483
