Frequency (Hz),RT60 (s)
50,0.8175718715629057
63,0.6592360048318845
80,0.6361220517229748
100,0.2382126416231951
125,0.5005243224320712
250,0.48930396767945145
500,0.6609906108289968
1000,0.8026489081640622
2000,0.7709293050353697
4000,0.54085113796122
8000,0.7502638543369022
12000,0.7155641139591541
16000,0.5809944891990302
