Frequency (Hz),RT60 (s)
125,5.9415
250,5.3910625
500,4.8672708333333325
1000,4.296958333333334
2000,3.7869583333333328
4000,3.3500625
8000,3.022562500000001
