Frequency (Hz),RT60 (s)
50,1.4557653899110354
63,1.310658589666411
80,1.6915813275498337
100,1.4029918856441375
125,1.9225632889131274
250,2.4085813852365128
500,2.312625510765597
1000,2.1651357925194814
2000,2.2757930608055794
4000,2.2519927732406577
8000,2.447257053841658
12000,2.472768369874161
16000,2.466274660153623
