Frequency (Hz),RT60 (s)
50,0.7034778787936014
63,0.6696185640930731
80,0.8120021670129375
100,1.315042266752931
125,2.679671744937326
250,2.164219400254667
500,0.8976831834781794
1000,0.5505360063698709
2000,0.4207406301693133
4000,0.4063410701854262
8000,0.3754552656259773
12000,0.3221648994297202
16000,0.29585075549246914
