Frequency (Hz),RT60 (s)
50,1.997264472499928
63,1.0030700658913563
80,0.7669743192875264
100,0.7936707151037967
125,0.7271207154136785
250,0.6445055150750503
500,0.5432921485846737
1000,0.5435290162332644
2000,0.6114263764857204
4000,0.6697223645772857
8000,0.5275899989958758
12000,0.3911812446277985
16000,0.33394518274516216
