Frequency (Hz),RT60 (s)
50,1.6921683130597815
63,1.90843948458054
80,1.5424296035902163
100,1.5973582059459697
125,1.568011809713589
250,1.1382450828151516
500,1.272756823261539
1000,0.7923694646945056
2000,0.7781966561639554
4000,0.7530795494095089
8000,0.5185785047716034
12000,0.42176627640929026
16000,0.36957201020846264
