Frequency (Hz),RT60 (s)
50,1.3890589256944752
63,1.1678674906685766
80,0.9337332838860837
100,1.278354083901687
125,0.9813956395163176
250,0.6480173570183215
500,0.4279068968059024
1000,0.5507919445558656
2000,0.3944633954717201
4000,0.4535367351212654
8000,0.37408547338053766
12000,0.2631908571013895
16000,0.22312331755321
