Frequency (Hz),RT60 (s)
50,17.484025127311305
63,1.6770670193426531
80,1.5870969435555997
100,1.6665766791967525
125,1.7395592332799343
250,1.4897236612026772
500,1.6400663659558612
1000,1.1834247546047039
2000,1.1971462949847542
4000,1.191177022342095
8000,0.8167098234824635
12000,0.5965991330879112
16000,0.5022877131406204
