Frequency (Hz),RT60 (s)
50,0.9704418236140246
63,1.0290915701759027
80,1.1982289260241445
100,2.3695932744305597
125,0.8874943493226358
250,0.7269783771879237
500,0.6059738851702259
1000,0.5387285278806797
2000,0.7873274820504846
4000,0.7470502870490048
8000,0.757323913331211
12000,0.6731251089550062
16000,0.6898567304963609
