Frequency (Hz),RT60 (s)
50,0.5557207421726827
63,0.5212051612523237
80,0.49492680528735056
100,0.5789496353929234
125,0.38013877933707957
250,0.6336121140395945
500,0.912083447843537
1000,0.9653259097886691
2000,0.991865024375253
4000,0.5514667114723972
8000,0.5925336817056842
12000,0.7433274534551899
16000,0.8696992721678113
