Frequency (Hz),RT60 (s)
125,0.38070833333333337
250,0.38070833333333337
500,0.38070833333333337
1000,0.38070833333333337
2000,0.38070833333333337
4000,0.38070833333333337
8000,0.38070833333333337
