Frequency (Hz),RT60 (s)
50,0.6195130957645207
63,0.6116459359584593
80,0.7392813337090326
100,0.49273377448024985
125,0.48212925013492214
250,0.5990740134624811
500,0.6701344330457928
1000,0.7561607980806335
2000,0.7913736832902784
4000,0.5215292909146869
8000,0.6340578146237859
12000,0.6015599299941152
16000,0.625048394045386
