Frequency (Hz),RT60 (s)
50,1.2757614022488122
63,0.4732331840072677
80,0.4987449971490954
100,0.3859849991902714
125,0.5389233796782952
250,0.45199545610497516
500,0.5553566213601309
1000,0.5279276752817387
2000,0.6515898477593028
4000,0.6351169251628148
8000,0.4783794018902949
12000,0.3567567575029845
16000,0.28405185942074185
