Frequency (Hz),RT60 (s)
50,0.5504514110909832
63,0.5380547915212803
80,0.5660361076075776
100,0.7046314449131126
125,0.48160973201586527
250,0.4414838997337961
500,0.4175035394667898
1000,0.428609406424248
2000,0.8278304745066539
4000,0.4508766553860396
8000,0.4161374442495686
12000,0.4207603912406006
16000,0.4138605838774269
