Frequency (Hz),RT60 (s)
50,0.6430096384956628
63,0.5331646760438136
80,0.3371745834777427
100,0.4609064850229788
125,0.3630442454893532
250,0.5997951653726026
500,0.6664812660833079
1000,1.1039212274452923
2000,0.6436313593698548
4000,0.6319885804239106
8000,0.4392450140691438
12000,0.4919847152974286
16000,0.7384498153732432
