Frequency (Hz),RT60 (s)
125,5.636479166666666
250,4.407354166666666
500,2.4805833333333336
1000,3.896729166666667
2000,3.4595208333333343
4000,3.183375
8000,2.8730208333333334
