Frequency (Hz),RT60 (s)
50,0.9997156309571348
63,0.9992763614311229
80,0.9926969313060332
100,0.8959732331077812
125,1.947456181399212
250,4.858667392197224
500,0.44685335630356643
1000,0.5789258081150381
2000,0.6729628782852871
4000,0.4080938402147716
8000,0.8607353119201809
12000,0.6959104251280757
16000,0.45337397129129764
